Transformer,Age,Peak_Load_pct,Failures_24m,Criticality,PM_Cost,PM_Hours
TR-01,14,92.8,0,3,39300,6.4
TR-02,11,94.4,0,2,39300,6.4
TR-03,11,65.7,1,5,39300,6.4
TR-04,11,83.9,1,3,39300,6.4
TR-05,5,87.8,1,4,39300,6.4
TR-06,9,66.7,2,1,39300,6.4
TR-07,17,67.2,2,5,39300,6.4
TR-08,10,57.6,3,5,39300,6.4
TR-09,6,78.0,1,4,39300,6.4
TR-10,17,57.4,1,3,39300,6.4
TR-11,15,78.2,3,2,39300,6.4
TR-12,4,74.6,1,1,39300,6.4
TR-13,10,76.7,1,5,39300,6.4
TR-14,16,83.4,1,1,39300,6.4
TR-15,6,77.5,2,1,39300,6.4
TR-16,17,90.6,1,3,39300,6.4
TR-17,16,94.1,1,5,39300,6.4
TR-18,11,89.2,0,3,39300,6.4
TR-19,16,77.9,0,1,39300,6.4
TR-20,6,85.7,1,2,39300,6.4
TR-21,10,89.8,2,4,39300,6.4
TR-22,15,90.3,1,3,39300,6.4
TR-23,18,67.6,1,3,39300,6.4
TR-24,15,64.0,0,5,39300,6.4
TR-25,9,83.5,1,5,39300,6.4
TR-26,12,67.0,1,1,39300,6.4
TR-27,6,88.4,1,2,39300,6.4
TR-28,10,82.8,1,3,39300,6.4
TR-29,18,88.3,0,4,39300,6.4
TR-30,8,86.2,1,5,39300,6.4
